{"Accuracy": 0.3640333333333333, "F1 score": 0.6561089634673779, "Average precision score": 0.35581868676904466}