{"Accuracy": 0.364, "F1 score": 0.6560930193385298, "Average precision score": 0.35578472632202734}