{"Accuracy": 0.36406666666666665, "F1 score": 0.656114532318378, "Average precision score": 0.3558413160535066}