{"Accuracy": 0.36546666666666666, "F1 score": 0.6524617024587611, "Average precision score": 0.3493177576512936}