{"Accuracy": 0.36543333333333333, "F1 score": 0.6524222645125445, "Average precision score": 0.34931204687645917}