{"Accuracy": 0.3654, "F1 score": 0.652431006019771, "Average precision score": 0.34931147877963864}